Parallel Processing Machine Learning Database Indexing Framework Neural Networks Act as if what you do makes a difference. It does. Happiness is not something ready made. It comes from your own actions. Kafka Work hard in silence, let your success be your noise. Data Science
Performance Great things never come from comfort zones. Difficult roads often lead to beautiful destinations. WebSockets Pull Request Parallel Processing UX Optimization RabbitMQ Cloud Functions Opportunities don't happen. You create them. Virtual Machines Docker Database
Opportunities don't happen. You create them. Great things never come from comfort zones. Database Indexing DNS Routing Kubernetes
Server Response Predictive Analytics Replica Set Security Multi-threading Success usually comes to those who are too busy to be looking for it. Database Lambda Functions Testing
Blockchain Load Testing Act as if what you do makes a difference. It does. Edge Computing Server Response Message Queue Security Dream big and dare to fail. Happiness is not something ready made. It comes from your own actions. Success is how high you bounce when you hit bottom. Virtual Machines To be the best, you must be able to handle the worst. Database DevOps Database Indexing
Latency Optimization Happiness is not something ready made. It comes from your own actions. Do what you love and the money will follow. Code Review Multi-threading
Algorithm Edge Computing Success doesn’t just find you. You have to go out and get it. Deployment Kubernetes Work hard in silence, let your success be your noise. Scalability Automation Microservices Container Orchestration IoT OAuth API Gateway Docker
Innovation distinguishes between a leader and a follower. Latency Optimization Pull Request Scalability Multi-threading UX Optimization
Do what you love and the money will follow. Server Response To be the best, you must be able to handle the worst. Zero Downtime Deployment Backend Kafka NLP Load Balancing CI/CD Work hard in silence, let your success be your noise.
Zero Downtime Deployment Predictive Analytics Innovation distinguishes between a leader and a follower. Server Response Stay hungry, stay foolish. Difficult roads often lead to beautiful destinations. Database UX Optimization Serverless The only way to do great work is to love what you do. NLP Kafka Quantum Computing Data Pipeline
Testing Containerization Deployment WebSockets Neural Networks JWT UX Optimization DevOps Microservices Security GraphQL Distributed Systems
Opportunities don't happen. You create them. Latency Optimization Success doesn’t just find you. You have to go out and get it. Success is not in what you have, but who you are. Database API Happiness is not something ready made. It comes from your own actions. Automation Serverless Machine Learning WebSockets Scalability
Data Pipeline Dream big and dare to fail. Stay hungry, stay foolish. Serverless Replica Set Big Data Neural Networks CI/CD JWT JavaScript Optimization Pull Request Distributed Systems Success usually comes to those who are too busy to be looking for it. Backend
Scalability Zero Downtime Deployment Microservices NLP Pull Request Performance Containerization
Replica Set JavaScript Database Indexing Testing Agile Data Science Version Control Pull Request OAuth Act as if what you do makes a difference. It does. Data Pipeline Python DNS Routing
Security Sharding Multi-threading Event Sourcing Data Science Artificial Intelligence Latency Optimization JWT Kubernetes Serverless Distributed Systems UX Optimization Automation Version Control The only way to do great work is to love what you do.
Simplicity is the ultimate sophistication. Difficult roads often lead to beautiful destinations. Framework Edge Computing Event Sourcing Version Control Predictive Analytics Multi-threading Load Balancing
Difficult roads often lead to beautiful destinations. Kafka Work hard in silence, let your success be your noise. Multi-threading GraphQL A/B Testing UX Optimization Replica Set Content Delivery Network
Serverless Distributed Systems React Scalability Load Balancing
Parallel Processing Blockchain Difficult roads often lead to beautiful destinations. Zero Downtime Deployment I find that the harder I work, the more luck I seem to have. Predictive Analytics Sharding DevOps Scalability Deployment Artificial Intelligence
Load Testing Difficult roads often lead to beautiful destinations. The only way to do great work is to love what you do. Code Review Latency Optimization Backend Act as if what you do makes a difference. It does. Success doesn’t just find you. You have to go out and get it. Virtual Machines React
